time,wind_speed_10m,wind_direction_10m,wind_gusts_10m,temperature_2m,relative_humidity_2m,pressure_msl,cloud_cover,precipitation,run_time,valid_time,retrieved_at,source
2026-08-18T00:00,3.11,150,,26.2,88,1012.4,55,,2026-08-18 00:00:00+00:00,2026-08-18 00:00:00+00:00,2026-09-28 08:52:34.814792+00:00,ECMWF IFS via Open-Meteo Single Runs API
2026-08-18T01:00,3.29,154,6.5,27.3,82,1012.5,79,0.0,2026-08-18 00:00:00+00:00,2026-08-18 01:00:00+00:00,2026-09-28 08:52:34.814792+00:00,ECMWF IFS via Open-Meteo Single Runs API
2026-08-18T02:00,3.65,150,7.7,28.5,77,1012.6,79,0.0,2026-08-18 00:00:00+00:00,2026-08-18 02:00:00+00:00,2026-09-28 08:52:34.814792+00:00,ECMWF IFS via Open-Meteo Single Runs API
2026-08-18T03:00,4.07,143,8.6,29.9,71,1012.4,87,0.0,2026-08-18 00:00:00+00:00,2026-08-18 03:00:00+00:00,2026-09-28 08:52:34.814792+00:00,ECMWF IFS via Open-Meteo Single Runs API
2026-08-18T04:00,3.58,150,8.8,31.0,65,1011.7,100,0.0,2026-08-18 00:00:00+00:00,2026-08-18 04:00:00+00:00,2026-09-28 08:52:34.814792+00:00,ECMWF IFS via Open-Meteo Single Runs API
2026-08-18T05:00,3.11,154,8.0,30.8,66,1011.2,48,0.0,2026-08-18 00:00:00+00:00,2026-08-18 05:00:00+00:00,2026-09-28 08:52:34.814792+00:00,ECMWF IFS via Open-Meteo Single Runs API
2026-08-18T06:00,2.43,143,7.1,31.8,63,1010.9,20,0.2,2026-08-18 00:00:00+00:00,2026-08-18 06:00:00+00:00,2026-09-28 08:52:34.814792+00:00,ECMWF IFS via Open-Meteo Single Runs API
2026-08-18T07:00,1.84,147,5.9,32.3,60,1010.0,8,0.1,2026-08-18 00:00:00+00:00,2026-08-18 07:00:00+00:00,2026-09-28 08:52:34.814792+00:00,ECMWF IFS via Open-Meteo Single Runs API
2026-08-18T08:00,1.69,146,5.0,32.4,58,1009.1,21,0.1,2026-08-18 00:00:00+00:00,2026-08-18 08:00:00+00:00,2026-09-28 08:52:34.814792+00:00,ECMWF IFS via Open-Meteo Single Runs API
2026-08-18T09:00,1.88,132,4.5,32.3,58,1008.6,51,0.1,2026-08-18 00:00:00+00:00,2026-08-18 09:00:00+00:00,2026-09-28 08:52:34.814792+00:00,ECMWF IFS via Open-Meteo Single Runs API
2026-08-18T10:00,2.33,118,4.7,31.5,62,1008.3,9,0.0,2026-08-18 00:00:00+00:00,2026-08-18 10:00:00+00:00,2026-09-28 08:52:34.814792+00:00,ECMWF IFS via Open-Meteo Single Runs API
2026-08-18T11:00,1.85,88,4.1,29.9,73,1008.9,5,0.0,2026-08-18 00:00:00+00:00,2026-08-18 11:00:00+00:00,2026-09-28 08:52:34.814792+00:00,ECMWF IFS via Open-Meteo Single Runs API
2026-08-18T12:00,2.19,43,3.5,28.6,80,1009.8,13,0.0,2026-08-18 00:00:00+00:00,2026-08-18 12:00:00+00:00,2026-09-28 08:52:34.814792+00:00,ECMWF IFS via Open-Meteo Single Runs API
2026-08-18T13:00,2.42,24,5.0,27.4,87,1011.1,25,0.0,2026-08-18 00:00:00+00:00,2026-08-18 13:00:00+00:00,2026-09-28 08:52:34.814792+00:00,ECMWF IFS via Open-Meteo Single Runs API
2026-08-18T14:00,0.87,13,4.2,27.0,90,1011.7,27,0.0,2026-08-18 00:00:00+00:00,2026-08-18 14:00:00+00:00,2026-09-28 08:52:34.814792+00:00,ECMWF IFS via Open-Meteo Single Runs API
2026-08-18T15:00,1.15,326,2.0,26.8,90,1012.3,61,0.0,2026-08-18 00:00:00+00:00,2026-08-18 15:00:00+00:00,2026-09-28 08:52:34.814792+00:00,ECMWF IFS via Open-Meteo Single Runs API
2026-08-18T16:00,0.49,294,2.2,26.2,94,1012.4,70,0.0,2026-08-18 00:00:00+00:00,2026-08-18 16:00:00+00:00,2026-09-28 08:52:34.814792+00:00,ECMWF IFS via Open-Meteo Single Runs API
2026-08-18T17:00,1.0,252,1.7,25.4,98,1012.3,98,0.0,2026-08-18 00:00:00+00:00,2026-08-18 17:00:00+00:00,2026-09-28 08:52:34.814792+00:00,ECMWF IFS via Open-Meteo Single Runs API
2026-08-18T18:00,2.59,280,4.4,24.7,99,1012.5,96,0.2,2026-08-18 00:00:00+00:00,2026-08-18 18:00:00+00:00,2026-09-28 08:52:34.814792+00:00,ECMWF IFS via Open-Meteo Single Runs API
2026-08-18T19:00,1.7,272,5.3,24.4,98,1012.4,87,0.5,2026-08-18 00:00:00+00:00,2026-08-18 19:00:00+00:00,2026-09-28 08:52:34.814792+00:00,ECMWF IFS via Open-Meteo Single Runs API
2026-08-18T20:00,1.06,221,3.8,24.5,97,1011.9,99,0.2,2026-08-18 00:00:00+00:00,2026-08-18 20:00:00+00:00,2026-09-28 08:52:34.814792+00:00,ECMWF IFS via Open-Meteo Single Runs API
2026-08-18T21:00,1.36,278,2.5,24.6,97,1012.3,98,0.1,2026-08-18 00:00:00+00:00,2026-08-18 21:00:00+00:00,2026-09-28 08:52:34.814792+00:00,ECMWF IFS via Open-Meteo Single Runs API
2026-08-18T22:00,2.6,281,4.6,24.1,97,1012.7,93,0.1,2026-08-18 00:00:00+00:00,2026-08-18 22:00:00+00:00,2026-09-28 08:52:34.814792+00:00,ECMWF IFS via Open-Meteo Single Runs API
2026-08-18T23:00,0.67,228,4.5,23.9,98,1012.3,90,0.0,2026-08-18 00:00:00+00:00,2026-08-18 23:00:00+00:00,2026-09-28 08:52:34.814792+00:00,ECMWF IFS via Open-Meteo Single Runs API
2026-08-19T00:00,1.31,277,2.9,24.1,97,1012.8,87,0.0,2026-08-18 00:00:00+00:00,2026-08-19 00:00:00+00:00,2026-09-28 08:52:34.814792+00:00,ECMWF IFS via Open-Meteo Single Runs API
2026-08-19T01:00,0.67,222,3.4,25.4,91,1013.1,55,0.0,2026-08-18 00:00:00+00:00,2026-08-19 01:00:00+00:00,2026-09-28 08:52:34.814792+00:00,ECMWF IFS via Open-Meteo Single Runs API
2026-08-19T02:00,1.8,167,4.7,27.2,83,1013.4,91,0.0,2026-08-18 00:00:00+00:00,2026-08-19 02:00:00+00:00,2026-09-28 08:52:34.814792+00:00,ECMWF IFS via Open-Meteo Single Runs API
2026-08-19T03:00,2.35,178,5.8,28.6,75,1013.7,96,0.0,2026-08-18 00:00:00+00:00,2026-08-19 03:00:00+00:00,2026-09-28 08:52:34.814792+00:00,ECMWF IFS via Open-Meteo Single Runs API
2026-08-19T04:00,2.57,173,6.4,29.8,69,1013.2,81,0.0,2026-08-18 00:00:00+00:00,2026-08-19 04:00:00+00:00,2026-09-28 08:52:34.814792+00:00,ECMWF IFS via Open-Meteo Single Runs API
2026-08-19T05:00,2.65,169,6.7,31.2,60,1012.5,89,0.1,2026-08-18 00:00:00+00:00,2026-08-19 05:00:00+00:00,2026-09-28 08:52:34.814792+00:00,ECMWF IFS via Open-Meteo Single Runs API
